cases,deaths,day,elat,elong
542,16,1,47.8772,-96.7898
572,17,2,47.8772,-96.7898
605,18,3,47.8772,-96.7898
630,18,4,47.8772,-96.7898
643,18,5,47.8772,-96.7898
686,23,6,47.8772,-96.7898
709,23,7,47.8772,-96.7898
752,24,8,47.8772,-96.7898
781,26,9,47.8772,-96.7898
805,26,10,47.8772,-96.7898
821,27,11,47.8772,-96.7898
866,29,12,47.8772,-96.7898
935,31,13,47.8772,-96.7898
991,31,14,47.8772,-96.7898
1032,32,15,47.8772,-96.7898
1106,32,16,47.8772,-96.7898
1147,33,17,47.8772,-96.7898
1173,33,18,47.8772,-96.7898
1229,34,19,47.8772,-96.7898
1277,38,20,47.8772,-96.7898
1370,40,21,47.8772,-96.7898
1442,41,22,47.8772,-96.7898
1487,41,23,47.8772,-96.7898
1528,42,24,47.8772,-96.7898
1564,43,25,47.8772,-96.7898
1580,43,26,47.8772,-96.7898
1596,45,27,47.8772,-96.7898
1632,46,28,47.8772,-96.7898
1661,48,29,47.8772,-96.7898
1685,49,30,47.8772,-96.7898
1705,50,31,47.8772,-96.7898
1744,50,32,47.8772,-96.7898
1762,54,33,47.8772,-96.7898
1783,55,34,47.8772,-96.7898
1803,55,35,47.8772,-96.7898
1834,59,36,47.8772,-96.7898
1880,60,37,47.8772,-96.7898
1911,60,38,47.8772,-96.7898
1917,60,39,47.8772,-96.7898
1930,60,40,47.8772,-96.7898
1958,61,41,47.8772,-96.7898
1984,62,42,47.8772,-96.7898
2006,62,43,47.8772,-96.7898
2037,62,44,47.8772,-96.7898
2044,62,45,47.8772,-96.7898
2058,62,46,47.8772,-96.7898
2067,62,47,47.8772,-96.7898
2084,62,48,47.8772,-96.7898
2091,63,49,47.8772,-96.7898
2104,64,50,47.8772,-96.7898
2118,64,51,47.8772,-96.7898
2138,64,52,47.8772,-96.7898
2143,64,53,47.8772,-96.7898
2146,65,54,47.8772,-96.7898
2165,65,55,47.8772,-96.7898
2171,65,56,47.8772,-96.7898
2181,65,57,47.8772,-96.7898
2193,65,58,47.8772,-96.7898
2208,66,59,47.8772,-96.7898
2233,66,60,47.8772,-96.7898
2245,66,61,47.8772,-96.7898
2260,66,62,47.8772,-96.7898
2277,66,63,47.8772,-96.7898
2295,66,64,47.8772,-96.7898
2323,66,65,47.8772,-96.7898
2334,66,66,47.8772,-96.7898
2351,66,67,47.8772,-96.7898
2358,69,68,47.8772,-96.7898
2373,70,69,47.8772,-96.7898
2402,70,70,47.8772,-96.7898
2421,70,71,47.8772,-96.7898
2442,72,72,47.8772,-96.7898
2464,72,73,47.8772,-96.7898
2492,72,74,47.8772,-96.7898
2503,73,75,47.8772,-96.7898
2522,73,76,47.8772,-96.7898
2547,73,77,47.8772,-96.7898
2584,73,78,47.8772,-96.7898
2613,73,79,47.8772,-96.7898
2639,73,80,47.8772,-96.7898
2663,73,81,47.8772,-96.7898
2673,74,82,47.8772,-96.7898
2715,75,83,47.8772,-96.7898
2734,75,84,47.8772,-96.7898
2762,75,85,47.8772,-96.7898
2765,75,86,47.8772,-96.7898
2794,75,87,47.8772,-96.7898
2816,75,88,47.8772,-96.7898
2841,75,89,47.8772,-96.7898
2850,76,90,47.8772,-96.7898
2872,76,91,47.8772,-96.7898
2897,76,92,47.8772,-96.7898
2917,76,93,47.8772,-96.7898
2922,76,94,47.8772,-96.7898
2932,76,95,47.8772,-96.7898
2938,76,96,47.8772,-96.7898
2958,76,97,47.8772,-96.7898
2977,76,98,47.8772,-96.7898
3006,76,99,47.8772,-96.7898
3028,76,100,47.8772,-96.7898
3039,76,101,47.8772,-96.7898
3046,76,102,47.8772,-96.7898
3058,76,103,47.8772,-96.7898
3073,76,104,47.8772,-96.7898
3088,76,105,47.8772,-96.7898
3104,76,106,47.8772,-96.7898
3117,76,107,47.8772,-96.7898
3128,76,108,47.8772,-96.7898
3135,76,109,47.8772,-96.7898
3148,76,110,47.8772,-96.7898
3182,76,111,47.8772,-96.7898
3203,76,112,47.8772,-96.7898
3223,76,113,47.8772,-96.7898
3250,76,114,47.8772,-96.7898
3274,76,115,47.8772,-96.7898
3289,76,116,47.8772,-96.7898
3309,76,117,47.8772,-96.7898
3339,76,118,47.8772,-96.7898
3375,76,119,47.8772,-96.7898
3430,76,120,47.8772,-96.7898
3470,76,121,47.8772,-96.7898
3510,76,122,47.8772,-96.7898
3526,76,123,47.8772,-96.7898
3554,76,124,47.8772,-96.7898
3604,76,125,47.8772,-96.7898
3661,76,126,47.8772,-96.7898
3740,76,127,47.8772,-96.7898
3813,76,128,47.8772,-96.7898
3857,76,129,47.8772,-96.7898
3881,76,130,47.8772,-96.7898
3894,76,131,47.8772,-96.7898
3957,76,132,47.8772,-96.7898
4020,76,133,47.8772,-96.7898
4060,76,134,47.8772,-96.7898
4131,77,135,47.8772,-96.7898
4214,77,136,47.8772,-96.7898
4294,77,137,47.8772,-96.7898
4328,77,138,47.8772,-96.7898
4407,77,139,47.8772,-96.7898
4456,77,140,47.8772,-96.7898
4533,77,141,47.8772,-96.7898
4603,77,142,47.8772,-96.7898
4676,77,143,47.8772,-96.7898
4722,77,144,47.8772,-96.7898
4767,77,145,47.8772,-96.7898
4849,77,146,47.8772,-96.7898
4927,77,147,47.8772,-96.7898
4984,77,148,47.8772,-96.7898
5064,77,149,47.8772,-96.7898
5122,77,150,47.8772,-96.7898
5177,77,151,47.8772,-96.7898
5250,77,152,47.8772,-96.7898
5334,77,153,47.8772,-96.7898
5416,77,154,47.8772,-96.7898
5500,78,155,47.8772,-96.7898
5595,78,156,47.8772,-96.7898
5678,78,157,47.8772,-96.7898
5728,78,158,47.8772,-96.7898
5812,78,159,47.8772,-96.7898
5946,78,160,47.8772,-96.7898
6081,78,161,47.8772,-96.7898
6192,78,162,47.8772,-96.7898
6301,78,163,47.8772,-96.7898
6446,78,164,47.8772,-96.7898
6535,78,165,47.8772,-96.7898
6703,78,166,47.8772,-96.7898
6917,78,167,47.8772,-96.7898
7011,78,168,47.8772,-96.7898
7231,79,169,47.8772,-96.7898
7405,79,170,47.8772,-96.7898
7536,79,171,47.8772,-96.7898
7753,79,172,47.8772,-96.7898
7915,81,173,47.8772,-96.7898
8010,81,174,47.8772,-96.7898
8207,82,175,47.8772,-96.7898
8359,83,176,47.8772,-96.7898
8480,83,177,47.8772,-96.7898
8658,83,178,47.8772,-96.7898
8794,84,179,47.8772,-96.7898
8925,84,180,47.8772,-96.7898
9056,84,181,47.8772,-96.7898
9333,85,182,47.8772,-96.7898
9510,85,183,47.8772,-96.7898
9748,85,184,47.8772,-96.7898
